Workbook
Name Annual_capacity_Students: #REF!
Name Annual_price_increase: #REF!
Name Annual_unit_cost_rate_of_increase: #REF!
Name Beginning_growth_rate: #REF!
Name Discount_rate: #REF!
Name NPV: #REF!
Name Plant_fixed_cost: #REF!
Name Steady_state_growth_rate: #REF!
Name Y1_demand_intercept: #REF!
Name Y1_demand_slope: #REF!
Name Year_1_variable_cost_of_production: #REF!
Name Year1_Price_perStudent: #REF!
Name Years_till_demand_steady_state: #REF!

Sheet Instructions
A1: MBA-GTM-12 FINAL PROJECT | F1: RESEARCH METHODS
A2: (Prof. Dr. Zensen) | F2: Last update: 03-Jun-2025
B4: Part A
B5: 1 | C5: Problem Identification | D5: Identify and describe a problem related to Innovative Automotive & Mobility (or Data Science or Energy) for your mini research project.
B6: 2 | C6: Literature Review | D6: Conduct a preliminary literature review, explaining your literature refinement process.
B7: 3 | C7: Research Question | D7: Develop and formulate at least one research question related to your problem.
B8: 4 | C8: Study Design | D8: Choose a simple study design and explain your choice in your own words.
B9: 5 | C9: Sample Design | D9: Decide on the sample design and explain your choice in your own words.
B10: 6 | C10: Conjoint Attributes and Levels | D10: Define Conjoint Attributes and Levels.
B11: 7 | C11: Experimental Design builder | D11: Use the experimental design builder to create product profiles for a conjoint analysis using the number of attributes and levels assigned to you.
B12: 8 | C12: Survey Form | D12: Provide link to your survey form.
B13: 9 | C13: Raw Data | D13: Collect data from at least ten respondents (better 30). Share your raw data.
B14: 10 | C14: Adjusted Data | D14: Use dummy variables to simplify your raw data.
B15: 11 | C15: Multiple regression (Excel) | D15: Run the regression analysis while you are recording the video (see 16.).
B16: 12 | C16: Regression Interpretation | D16: Analyze and discuss the regression output, including R-squared, intercept, coefficients, p-values, statistical significance at 90%, 95% and 99% level, etc. What does each number mean in relation to your project?
... B19: 15 | C19: Prediction | D19: Select three product profiles from your survey and predict consumer choices.
B21: Part B
B22: 16 | D22: Record a 10-15 min. video explaining your project and findings.
D23: for instructions how to record and upload a youtube video, see workheet "SCREENCASTIFY"
B24: 17 | D24: Copy link of your youtube video into this Excel file (worksheet "NAME ID")
B25: 18 | D25: Upload the compeleted Excel file in Trainex before 31-Jan-2025. If you cannot upload Excel in Trainex, upload a pdf file in Trainex (don't worry about formatting) and send me your Excel file by email.

Sheet NAME ID
A1: =D4 -> Pradyumna Urkude | E1: =Instructions!F1 -> RESEARCH METHODS
A2: MBA-GTM-13/14 | D2: =D12 -> 27.01.26
B4: FIRST AND LAST NAME | D4: Pradyumna Urkude
B6: STUDENT ID | D6: 124100941
B8: STUDY GROUP | D8: GTM-MBA-13
B10: ELECTIVE (AUTO/ENERGY/DS) | D10: Data Science
B12: SUBMISSION DATE (DD-MMM-YYYY) | D12: 27.01.26
B14: LINK TO YOUTUBE VIDEO | D14: https://youtu.be/-mO8NoL4yGw?si=D5BANNs5RS6OMp1f
B15: (not needed if you present in class)

Sheet 1. Problem
A1: ='NAME ID'!A1 -> Pradyumna Urkude | E1: =Instructions!F1 -> RESEARCH METHODS
A2: ='NAME ID'!A2 -> MBA-GTM-13/14 | E2: ='NAME ID'!D12 -> 27.01.26
A4: Assignment: | B4: Identify and describe a specific problem related to International Management for your mini research project. The problem or challenge should be significant, relevant and suitable for research investigation. The research should include a price for the product or service that is being researched.
A6: Key Issue/Problem: | B6: This project aims to compare AI applications based on key attributes—pricing, speed, and accuracy—to evaluate performance trade-offs and support data-driven decision-making.
A8: Consequences: | B8: Without comparing AI applications on pricing, speed, and accuracy, organizations risk higher costs, poor performance, and ineffective AI adoption.
A10: Research Gap: | B10: There is limited standardized research comparing AI applications based on pricing, speed, and accuracy to support informed selection.
A12: how does your project address the problem: | B12: I will examine AI Applications(ChatGPT, Gemini, Perplexity) using key attributes like pricing, speed, and accuracy to identify trade-offs and support informed decision making.

Sheet 2. Literature Review
A1: ='NAME ID'!A1 -> Pradyumna Urkude | E1: =Instructions!F1 -> RESEARCH METHODS
A2: ='NAME ID'!A2 -> MBA-GTM-13/14 | E2: ='NAME ID'!D12 -> 27.01.26
A4: Assignment: | B4: Describe your literature refinement process.
A6: Write here: | B6: For my study on"Comparing AI Applications for pricing and speed to evaluate performance trade-offs". It involved systematically reviewing relevant research papers, industry reports, and credible online sources related to AI applications and performance evaluation. Key studies were selected based on their relevance to pricing, speed, and accuracy. Redundant or outdated sources were excluded, and the remaining literature was analyzed to identify common metrics, gaps, and insights that informed the project framework and evaluation criteria.
A13: Assignment: | B13: Which are the 03 most important articles related to your mini-project? Provide (a) the APA citation and (b) a 3-sentence summary of each!
A15: Write here: | B15: 1.(a) Zhang, Y., Chen, X., & Li, J. (2020). Benchmarking machine learning models: Performance, efficiency, and scalability. IEEE Transactions on Knowledge and Data Engineering, 32(10), 1981–1995.
B16: 1.(b) It presents standardized methods for evaluating machine learning models using accuracy and computational efficiency. It emphasizes fair comparison under consistent conditions. It supports analyzing trade-offs between speed and accuracy in AI applications.
B18: 2.(a) Hestness, J., Narang, S., Ardalani, N., et al. (2017). Deep learning scaling is predictable, empirically. Proceedings of the International Conference on Learning Representations (ICLR).
B19: 2.(b) Examines how model size and computational cost affect AI performance. Shows higher accuracy usually requires more resources and cost. Highlights trade-offs between pricing and performance efficiency in AI applications.
B21: 3.(a) Bommasani, R., Hudson, D. A., Adeli, E., et al. (2021). On the opportunities and risks of foundation models. arXiv preprint arXiv:2108.07258.
B22: 3.(b) It analyzes large AI and Generative AI models on accuracy, speed, cost, and deployment. It highlights trade-offs between performance and resource usage. It supports creating structured comparison frameworks for AI selection.

Sheet 3. Research Question
A1: ='NAME ID'!A1 -> Pradyumna Urkude | E1: =Instructions!F1 -> RESEARCH METHODS
A2: ='NAME ID'!A2 -> MBA-GTM-13/14 | D2: ='NAME ID'!E12 -> 0
A4: Assignment: | B4: Develop and formulate at least one research question related to your problem. Make sure it is specific enough for your mini-project.
A6: Write here: | B6: What are the performance trade-offs of cost among different AI applications, and how do these trade-offs influence the optimal choice for customers use?

Sheet 4. Study design
A1: ='NAME ID'!A1 -> Pradyumna Urkude | E1: =Instructions!F1 -> RESEARCH METHODS
A2: ='NAME ID'!A2 -> MBA-GTM-13/14 | D2: ='NAME ID'!D12 -> 27.01.26
A4: Assignment: | B4: Consider three possible study designs for your mini project. Describe how each of these study designs would fit your project. Pick one of the three and justify your choice in your own words.
A6: Designs considered: | B6: 1. Experimental Study 2. Survey-Based Study 3. Comparative Analysis
A8: How design 1 would fit your project: | B8: Experimental Study - Test different AI applications under controlled conditions using standardized datasets and measure performance metrics such as speed, accuracy, and cost.
A10: How design 2 would fit your project: | B10: Survey-Based Study - Collect opinions and experiences from AI users or organizations regarding their perception of pricing, speed, and accuracy of various AI applications.
A12: How design 3 would fit your project: | B12: Comparative Analysis - Analyze selected AI applications in real-world business or industrial scenarios to evaluate performance and cost trade-offs based on existing data and reports.
A14: Your choice: | B14: Experimental Study
A16: Explanation: | B16: The experimental study is most suitable because it allows objective, quantitative comparison of AI applications under controlled conditions. By testing the applications on the same datasets, we can accurately measure speed, accuracy, and cost trade-offs, ensuring that the insights are reliable and directly address the research question. This design provides actionable results that can guide decision-making for selecting the optimal AI solution.

Sheet 5. Sample design
A1: ='NAME ID'!A1 -> Pradyumna Urkude | E1: =Instructions!F1 -> RESEARCH METHODS
A2: ='NAME ID'!A2 -> MBA-GTM-13/14 | D2: ='NAME ID'!D12 -> 27.01.26
A4: Assignment: | B4: Consider three possible sample designs for your mini project. Describe how each of these sample designs would fit your project. Pick one of the three and justify your choice in your own words.
A6: Designs considered: | B6: 1. Simple Random Sampling 2. Stratified Sampling 3. Purposive (Judgmental) Sampling
A8: How design 1 would fit your project: | B8: Simple Random Sampling - Randomly select a set of AI applications from a larger pool for evaluation.
A10: How design 2 would fit your project: | B10: Stratified Sampling - Divide AI applications into categories (e.g., NLP, computer vision, generative AI) and select
A12: How design 3 would fit your project: | B12: Purposive (Judgmental) Sampling - Select AI applications based on relevance, popularity, or availability of performance data.
A14: Your choice: | B14: Stratified Sampling
A16: Explanation: | B16: Stratified sampling is most appropriate because AI applications vary widely by domain and function. By selecting samples proportionally from different categories such as NLP, computer vision, and generative AI, the study ensures a comprehensive and balanced comparison of speed, accuracy, and cost trade-offs. This approach allows us to draw meaningful conclusions while minimizing bias and capturing the diversity of AI applications.

Sheet 6. Attributes and Levels
A1: ='NAME ID'!A1 -> Pradyumna Urkude | E1: =Instructions!F1 -> RESEARCH METHODS
A2: ='NAME ID'!A2 -> MBA-GTM-13/14 | D2: ='NAME ID'!D12 -> 27.01.26
A4: Assignment: | B4: Define your attributes and levels for your conjoint analysis (minimum 3 attributes with 2-3 levels each).
A6: Attribute 1: | B6: Pricing of Application
A8: Level 1: | B8: $20
A9: Level 2: | B9: $40
A10: Level 3: | B10: $60
A12: Attribute 2: | B12: Speed of Application
A14: Level 1: | B14: 2 sec
A15: Level 2: | B15: 4 sec
A16: Level 3: | B16: 6 sec
A18: Attribute 3: | B18: Accuracy
A20: Level 1: | B20: Basic Accuracy
A21: Level 2 | B21: High Accuracy
A22: Level 3 | B22: Very High Accuracy

Sheet 7. Exp. design builder
A1: ='NAME ID'!A1 -> Pradyumna Urkude | AC1: =Instructions!$F$1 -> RESEARCH METHODS
A2: ='NAME ID'!A2 -> MBA-GTM-13/14 | AA2: ='NAME ID'!D12 -> 27.01.26
A4: Assignment: | C4: Use the experimental design builder to create product profiles for a conjoint analysis using the attributes and levels defined by you. Paste your suggested design here.
A6: Paste your work here:

Sheet 8. Survey Form
A1: ='NAME ID'!A1 -> Pradyumna Urkude | AC1: =Instructions!$F$1 -> RESEARCH METHODS
A2: ='NAME ID'!A2 -> MBA-GTM-13/14 | AB2: ='NAME ID'!D12 -> 27.01.26
A4: Assignment: | C4: Provide link to your survey form, make sure your survey form is accessible to me.
A6: Link to your survey: | C6: https://docs.google.com/forms/d/e/1FAIpQLSdy5t--v3pu2iU99EfWSmIM3BASnkliOvObytcYA0_tT5uO6w/viewform?usp=publish-editor

Sheet 9. Raw data
A1: ='NAME ID'!A1 -> Pradyumna Urkude | AC1: =Instructions!$F$1 -> RESEARCH METHODS
A2: ='NAME ID'!A2 -> MBA-GTM-13/14 | AB2: ='NAME ID'!D12 -> 27.01.26
A4: Assignment: | C4: Collect data from at least ten respondent (better 30+) and paste the raw data here.
A6: Paste raw data here: | F6: Pricing Of Application | I6: Speed Of Application | L6: Accuracy
D7: Case | E7: Response ID | F7: $20 | G7: $40 | H7: $60 | I7: 2 sec | J7: 4 sec | K7: 6 sec | L7: Basic | M7: High | N7: Very High | O7: Ratings
D8: 1 | E8: 1 | F8: 1 | G8: 0 | H8: 0 | I8: 0 | J8: 0 | K8: 1 | L8: 1 | M8: 0 | N8: 0 | O8: 4
D9: 2 | E9: 1 | F9: 0 | G9: 0 | H9: 1 | I9: 1 | J9: 0 | K9: 0 | L9: 0 | M9: 1 | N9: 0 | O9: 3
D10: 3 | E10: 1 | F10: 1 | G10: 0 | H10: 0 | I10: 0 | J10: 0 | K10: 1 | L10: 0 | M10: 0 | N10: 1 | O10: 3
D11: 4 | E11: 1 | F11: 0 | G11: 0 | H11: 1 | I11: 1 | J11: 0 | K11: 0 | L11: 0 | M11: 0 | N11: 1 | O11: 2
D12: 5 | E12: 1 | F12: 0 | G12: 1 | H12: 0 | I12: 0 | J12: 1 | K12: 0 | L12: 0 | M12: 0 | N12: 1 | O12: 4
D13: 6 | E13: 1 | F13: 0 | G13: 1 | H13: 0 | I13: 0 | J13: 1 | K13: 0 | L13: 1 | M13: 0 | N13: 0 | O13: 3
D14: 7 | E14: 1 | F14: 1 | G14: 0 | H14: 0 | I14: 1 | J14: 0 | K14: 0 | L14: 1 | M14: 0 | N14: 0 | O14: 4
D15: 8 | E15: 1 | F15: 0 | G15: 1 | H15: 0 | I15: 0 | J15: 0 | K15: 1 | L15: 0 | M15: 1 | N15: 0 | O15: 3
D16: 9 | E16: 1 | F16: 0 | G16: 0 | H16: 1 | I16: 0 | J16: 0 | K16: 1 | L16: 1 | M16: 0 | N16: 0 | O16: 4
D17: 10 | E17: 1 | F17: 1 | G17: 0 | H17: 0 | I17: 0 | J17: 1 | K17: 0 | L17: 0 | M17: 1 | N17: 0 | O17: 3
D18: 11 | E18: 1 | F18: 0 | G18: 1 | H18: 0 | I18: 1 | J18: 0 | K18: 0 | L18: 1 | M18: 0 | N18: 0 | O18: 4
D19: 12 | E19: 1 | F19: 0 | G19: 0 | H19: 1 | I19: 0 | J19: 1 | K19: 0 | L19: 1 | M19: 0 | N19: 0 | O19: 4
E20: 2 | F20: 1 | G20: 0 | H20: 0 | I20: 0 | J20: 0 | K20: 1 | L20: 1 | M20: 0 | N20: 0 | O20: 5
E21: 2 | F21: 0 | G21: 0 | H21: 1 | I21: 1 | J21: 0 | K21: 0 | L21: 0 | M21: 1 | N21: 0 | O21: 3
E22: 2 | F22: 1 | G22: 0 | H22: 0 | I22: 0 | J22: 0 | K22: 1 | L22: 0 | M22: 0 | N22: 1 | O22: 4
E23: 2 | F23: 0 | G23: 0 | H23: 1 | I23: 1 | J23: 0 | K23: 0 | L23: 0 | M23: 0 | N23: 1 | O23: 2
E24: 2 | F24: 0 | G24: 1 | H24: 0 | I24: 0 | J24: 1 | K24: 0 | L24: 0 | M24: 0 | N24: 1 | O24: 4
E25: 2 | F25: 0 | G25: 1 | H25: 0 | I25: 0 | J25: 1 | K25: 0 | L25: 1 | M25: 0 | N25: 0 | O25: 2
E26: 2 | F26: 1 | G26: 0 | H26: 0 | I26: 1 | J26: 0 | K26: 0 | L26: 1 | M26: 0 | N26: 0 | O26: 4
E27: 2 | F27: 0 | G27: 1 | H27: 0 | I27: 0 | J27: 0 | K27: 1 | L27: 0 | M27: 1 | N27: 0 | O27: 5
E28: 2 | F28: 0 | G28: 0 | H28: 1 | I28: 0 | J28: 0 | K28: 1 | L28: 1 | M28: 0 | N28: 0 | O28: 3
E29: 2 | F29: 1 | G29: 0 | H29: 0 | I29: 0 | J29: 1 | K29: 0 | L29: 0 | M29: 1 | N29: 0 | O29: 4
E30: 2 | F30: 0 | G30: 1 | H30: 0 | I30: 1 | J30: 0 | K30: 0 | L30: 1 | M30: 0 | N30: 0 | O30: 3
E31: 2 | F31: 0 | G31: 0 | H31: 1 | I31: 0 | J31: 1 | K31: 0 | L31: 1 | M31: 0 | N31: 0 | O31: 4
... E271: 22 | F271: 0 | G271: 0 | H271: 1 | I271: 0 | J271: 1 | K271: 0 | L271: 1 | M271: 0 | N271: 0 | O271: 5

Sheet 10. Adjusted data
A1: ='NAME ID'!A1 -> Pradyumna Urkude | Z1: =Instructions!$F$1 -> RESEARCH METHODS
A2: ='NAME ID'!A2 -> MBA-GTM-13/14 | Y2: ='NAME ID'!D12 -> 27.01.26
A4: Assignment: | C4: Use dummy variables to simplify your raw data (binary data).
A6: Paste simplified data here: | E6: Pricing Of Application | G6: Speed Of Application | I6: Accuracy
C7: Case | D7: Response ID | E7: $20 | F7: $40 | G7: 4 sec | H7: 6 sec | I7: Basic | J7: Very High | K7: Ratings
C8: 1 | D8: 1 | E8: 1 | F8: 0 | G8: 0 | H8: 1 | I8: 1 | J8: 0 | K8: 4
C9: 2 | D9: 1 | E9: 0 | F9: 0 | G9: 0 | H9: 0 | I9: 0 | J9: 0 | K9: 3
C10: 3 | D10: 1 | E10: 1 | F10: 0 | G10: 0 | H10: 1 | I10: 0 | J10: 1 | K10: 3
C11: 4 | D11: 1 | E11: 0 | F11: 0 | G11: 0 | H11: 0 | I11: 0 | J11: 1 | K11: 2
C12: 5 | D12: 1 | E12: 0 | F12: 1 | G12: 1 | H12: 0 | I12: 0 | J12: 1 | K12: 4
C13: 6 | D13: 1 | E13: 0 | F13: 1 | G13: 1 | H13: 0 | I13: 1 | J13: 0 | K13: 3
C14: 7 | D14: 1 | E14: 1 | F14: 0 | G14: 0 | H14: 0 | I14: 1 | J14: 0 | K14: 4
C15: 8 | D15: 1 | E15: 0 | F15: 1 | G15: 0 | H15: 1 | I15: 0 | J15: 0 | K15: 3
C16: 9 | D16: 1 | E16: 0 | F16: 0 | G16: 0 | H16: 1 | I16: 1 | J16: 0 | K16: 4
C17: 10 | D17: 1 | E17: 1 | F17: 0 | G17: 1 | H17: 0 | I17: 0 | J17: 0 | K17: 3
C18: 11 | D18: 1 | E18: 0 | F18: 1 | G18: 0 | H18: 0 | I18: 1 | J18: 0 | K18: 4
C19: 12 | D19: 1 | E19: 0 | F19: 0 | G19: 1 | H19: 0 | I19: 1 | J19: 0 | K19: 4
D20: 2 | E20: 1 | F20: 0 | G20: 0 | H20: 1 | I20: 1 | J20: 0 | K20: 5
D21: 2 | E21: 0 | F21: 0 | G21: 0 | H21: 0 | I21: 0 | J21: 0 | K21: 3
D22: 2 | E22: 1 | F22: 0 | G22: 0 | H22: 1 | I22: 0 | J22: 1 | K22: 4
D23: 2 | E23: 0 | F23: 0 | G23: 0 | H23: 0 | I23: 0 | J23: 1 | K23: 2
D24: 2 | E24: 0 | F24: 1 | G24: 1 | H24: 0 | I24: 0 | J24: 1 | K24: 4
D25: 2 | E25: 0 | F25: 1 | G25: 1 | H25: 0 | I25: 1 | J25: 0 | K25: 2
D26: 2 | E26: 1 | F26: 0 | G26: 0 | H26: 0 | I26: 1 | J26: 0 | K26: 4
D27: 2 | E27: 0 | F27: 1 | G27: 0 | H27: 1 | I27: 0 | J27: 0 | K27: 5
D28: 2 | E28: 0 | F28: 0 | G28: 0 | H28: 1 | I28: 1 | J28: 0 | K28: 3
D29: 2 | E29: 1 | F29: 0 | G29: 1 | H29: 0 | I29: 0 | J29: 0 | K29: 4
D30: 2 | E30: 0 | F30: 1 | G30: 0 | H30: 0 | I30: 1 | J30: 0 | K30: 3
D31: 2 | E31: 0 | F31: 0 | G31: 1 | H31: 0 | I31: 1 | J31: 0 | K31: 4
... D271: 22 | E271: 0 | F271: 0 | G271: 1 | H271: 0 | I271: 1 | J271: 0 | K271: 5

Sheet 11. Regression output
A1: ='NAME ID'!A1 -> Pradyumna Urkude | AC1: =Instructions!$F$1 -> RESEARCH METHODS
A2: ='NAME ID'!A2 -> MBA-GTM-13/14 | AB2: ='NAME ID'!D12 -> 27.01.26
A4: Assignment: | C4: Run the regression analysis in Excel WHILE YOU ARE RECORDING THE VIDEO, paste the regression output here. Make sure your face appears in the video, I want to see you performing the regression analysis yourself.
A6: Paste regression output here: | D6: SUMMARY OUTPUT
D8: Regression Statistics
D9: Multiple R | E9: 0.15298344
D10: R Square | E10: 0.023403933
D11: Adjusted R Square | E11: 0.00060402505
D12: Standard Error | E12: 1.0226938
D13: Observations | E13: 264
D15: ANOVA
E16: df | F16: SS | G16: MS | H16: F | I16: Significance F
D17: Regression | E17: 6 | F17: 6.4416667 | G17: 1.0736111 | H17: 1.0264924 | I17: 0.40840692
D18: Residual | E18: 257 | F18: 268.79697 | G18: 1.0459026
D19: Total | E19: 263 | F19: 275.23864
E21: Coefficients | F21: Standard Error | G21: t Stat | H21: P-value | I21: Lower 95% | J21: Upper 95% | K21: Lower 95.0% | L21: Upper 95.0%
D22: Intercept | E22: 3.7121212 | F22: 0.16889232 | G22: 21.979218 | H22: 5.7800924e-61 | I22: 3.3795321 | J22: 4.0447103 | K22: 3.3795321 | L22: 4.0447103
D23: $20 | E23: -0.27878788 | F23: 0.15923321 | G23: -1.7508149 | H23: 0.081170925 | I23: -0.59235588 | J23: 0.034780126 | K23: -0.59235588 | L23: 0.034780126
D24: $40 | E24: -0.22121212 | F24: 0.15923321 | G24: -1.3892336 | H24: 0.16596423 | I24: -0.53478013 | J24: 0.092355884 | K24: -0.53478013 | L24: 0.092355884
D25: 4 sec | E25: -0.024242424 | F25: 0.15923321 | G25: -0.15224478 | H25: 0.87911333 | I25: -0.33781043 | J25: 0.28932558 | K25: -0.33781043 | L25: 0.28932558
D26: 6 sec | E26: -0.021212121 | F26: 0.15923321 | G26: -0.13321418 | H26: 0.89412825 | I26: -0.33478013 | J26: 0.29235588 | K26: -0.33478013 | L26: 0.29235588
D27: Basic | E27: 0.16666667 | F27: 0.15417689 | G27: 1.0810094 | H27: 0.28070628 | I27: -0.13694425 | J27: 0.47027758 | K27: -0.13694425 | L27: 0.47027758
D28: Very High | E28: -0.045454545 | F28: 0.17802814 | G28: -0.25532225 | H28: 0.79867843 | I28: -0.39603423 | J28: 0.30512514 | K28: -0.39603423 | L28: 0.30512514

Sheet 12. Regression interpretation
A1: ='NAME ID'!A1 -> Pradyumna Urkude | E1: =Instructions!F1 -> RESEARCH METHODS
A2: ='NAME ID'!A2 -> MBA-GTM-13/14 | D2: ='NAME ID'!D12 -> 27.01.26
A4: Assignment: | C4: Provide the Regression equation. Interpret the regression output, including R-squared, number of observations, intercept, coefficients, p-values, statistical significance at 90%, 95% and 99% level, etc. What does each number mean in relation to your project? WHAT IS THE PRACTICAL IMPLICATION FOR DECISION MAKING? Use your own words (no AI), only include things that were discussed in class! Do not give me any interpretation that you do not fully understand!
A6: Regression equation: | C6: R-Squared = 0.02 → 2% of the variation in the dependent variable (Survey rating) is explained by the variation in the independent variables
A8: Your answer:
C9: SSE (Sum of Squared Errors)
C10: SSE = 275.24, which is the unexplained variance in the model.
C12: Intercept = 3.71
C13: It means that with all attributes set to their baseline, the expected rating is about 3.71.
C15: Coefficient = If the independent variable(x) increases by 1 unit, the dependent variable(y) is expected to increase/decrease by unit, holding other variables constant.
C17: A positive coefficient indicates that as 'X' increases, 'Y' increases. A negative coefficient indicates that as 'X' increases, 'Y' decreases.
C19: p-values =
C20: 99% < 0.01
C21: 95% < 0.05
C22: 90% < 0.1
C24: The p-values of 0.88, 0.89, 0.28, and 0.80 indicate that these variables are not statistically significant and therefore do not appear to have a substantial effect within the model.

Sheet 13. Baseline-ideal
A1: ='NAME ID'!A1 -> Pradyumna Urkude | E1: =Instructions!F1 -> RESEARCH METHODS
A2: ='NAME ID'!A2 -> MBA-GTM-13/14 | D2: ='NAME ID'!D12 -> 27.01.26
A4: Assignment: | C4: Identify the baseline and ideal product profiles. Calculate total utility of baseline vs. ideal product profile. Comment!
A6: Baseline profile | C6: Pricing of Application - $60, Speed of Application - 2 sec, Accuracy - High
A8: Baseline profile utility | C8: 3.71+0+0+0 = 3.71
A10: ideal product profile | C10: Pricing of Application - $20, Speed of Application - 2 sec, Accuracy - Very high
A12: ideal product profile utility | C12: 3.71+0+0+0.22 = 3.93
A14: Your comment: | C14: The Ideal product profile is higher than baseline profile. Which means coustomer are more influenced by price than by other feature.

Sheet 14. charts
A1: ='NAME ID'!A1 -> Pradyumna Urkude | E1: =Instructions!F1 -> RESEARCH METHODS
A2: ='NAME ID'!A2 -> MBA-GTM-13/14 | D2: ='NAME ID'!D12 -> 27.01.26
A4: Assignment: | C4: Create charts for average pathworths and attribute importance in accordance with Harvard Business School standards.
A6: Create charts here:
C7: Partworths
C8: Intersepect | E8: 3.71 | F8: Ideal profile
C9: Pricing of Application | D9: $20 | E9: -0.28 | F9: $20
D10: $60 | E10: 0
D11: $40 | E11: -0.22
C13: Speed of Application | D13: 4 sec | E13: -0.02 | F13: 2 sec
D14: 2 sec | E14: 0
D15: 6 sec | E15: -0.02
C17: Accuracy | D17: Basic | E17: 0.17 | F17: Very High
D18: High | E18: 0
D19: Very High | E19: -0.05

Sheet 15. prediction
A1: ='NAME ID'!A1 -> Pradyumna Urkude | E1: =Instructions!F1 -> RESEARCH METHODS
A2: ='NAME ID'!A2 -> MBA-GTM-13/14 | D2: ='NAME ID'!D12 -> 27.01.26
A4: Assignment: | C4: Select the first three product profiles from your survey, calculate utility and predict consumer choices.
A6: Profile 1 | C6: Pricing of AI Application - $20 Speed of Application - 6 sec Accuracy - Basic
A7: Prediction: | C7: Here, we have a low price and speed of Application is 6 sec, yet it has a utility of (3.58), which is lower than base-line product.
A9: Profile 2 | C9: Pricing of AI Application - $60 Speed of Application - 2 sec Accuracy - High
A10: Prediction | C10: Here, we have higher cost than the Profile 1 and Speed of Application is 2 sec, yet it has a utility of (3.71) which is equal to base-line product.
A12: Profile 3 | C12: Pricing of AI Application - $20 Speed of Application - 6 sec Accuracy - Very High
A13: Prediction | C13: Here, we have a low cost and speed of Application is 6 sec, yet it has a utility of (3.36) which is lower than basel-line product.

Sheet 16. SCREENCASTIFY
A1: ='NAME ID'!A1 -> Pradyumna Urkude
A2: ='NAME ID'!A2 -> MBA-GTM-13/14
A4: HOW TO RECORD AND UPLOAD YOUR VIDEO:
B6: Use Screencastify (or any other recording software you feel comfortable with) to record a 5-10 min. presentation of your work.
B8: Make sure you face appears in the recording as your explain your work.
B10: Consult the link below for further instructions on how to use Screencastify.
B12: https://www.youtube.com/watch?v=sNHHtLH-mXw&feature=emb_logo
B14: Once you have recorded your presentation, please upload it as a YouTube video by following the instructions below:
B16: 1. Sign in to YouTube.
B17: 2. Click on the video upload button at the top of the page, and select “Upload video.”
B18: 3. Before you start your upload, choose your privacy settings:
B19: Sign in to YouTube Studio beta, and select “Videos” from the left menu.
B20: Hover over the video you want to update, and select the “Live” tab to see your live uploads.
B21: Click on the pencil icon under “Visibility” and choose “Public” or “Unlisted", so I have access to it for grading.
B22: 4. Select the video you would like to upload from your computer, or import it from Google Photos.
... B24: 6. Paste the link to your youtube video in the worksheet "NAME ID"
